latitude,longitude,depth,u_velocity,v_velocity,w_velocity,temperature,salinity,pressure
-42.123,147.234,5,0.234,-0.156,0.012,18.5,34.2,1005.2
-42.125,147.236,5,0.218,-0.143,0.009,18.3,34.1,1005.3
-42.127,147.238,5,0.241,-0.167,0.014,18.7,34.3,1005.1
-42.129,147.240,5,0.203,-0.129,0.007,18.1,34.0,1005.4
-42.131,147.242,5,0.256,-0.178,0.016,18.9,34.4,1004.9
-42.133,147.244,5,0.189,-0.112,0.005,17.8,33.9,1005.6
-42.135,147.246,5,0.271,-0.194,0.018,19.2,34.5,1004.7
-42.137,147.248,5,0.167,-0.098,0.003,17.6,33.8,1005.8
-42.139,147.250,5,0.293,-0.209,0.021,19.4,34.6,1004.5
-42.141,147.252,5,0.145,-0.081,0.001,17.3,33.7,1006.0
-42.143,147.254,5,0.312,-0.223,0.023,19.7,34.8,1004.3
-42.145,147.256,5,0.128,-0.067,-0.001,17.1,33.6,1006.2
-42.147,147.258,5,0.334,-0.241,0.025,19.9,34.9,1004.1
-42.149,147.260,5,0.109,-0.051,-0.003,16.8,33.4,1006.4
-42.151,147.262,5,0.356,-0.258,0.028,20.2,35.1,1003.9
-42.123,147.234,25,0.198,-0.134,0.008,17.2,34.4,1025.8
-42.125,147.236,25,0.187,-0.125,0.006,17.0,34.3,1025.9
-42.127,147.238,25,0.206,-0.145,0.010,17.4,34.5,1025.7
-42.129,147.240,25,0.176,-0.114,0.004,16.8,34.2,1026.0
-42.131,147.242,25,0.223,-0.158,0.012,17.6,34.6,1025.5
-42.133,147.244,25,0.165,-0.098,0.002,16.5,34.1,1026.2
-42.135,147.246,25,0.245,-0.172,0.015,17.9,34.7,1025.3
-42.137,147.248,25,0.154,-0.087,0.000,16.3,34.0,1026.4
-42.139,147.250,25,0.267,-0.189,0.017,18.1,34.8,1025.1
-42.141,147.252,25,0.142,-0.073,-0.002,16.0,33.9,1026.6
-42.143,147.254,25,0.289,-0.205,0.020,18.4,35.0,1024.9
-42.145,147.256,25,0.131,-0.061,-0.004,15.8,33.8,1026.8
-42.147,147.258,25,0.312,-0.223,0.022,18.6,35.1,1024.7
-42.149,147.260,25,0.119,-0.048,-0.006,15.5,33.6,1027.0
-42.151,147.262,25,0.334,-0.241,0.025,18.9,35.3,1024.5
-42.123,147.234,50,0.145,-0.098,0.003,15.8,34.6,1050.2
-42.125,147.236,50,0.139,-0.092,0.002,15.6,34.5,1050.3
-42.127,147.238,50,0.152,-0.105,0.004,16.0,34.7,1050.1
-42.129,147.240,50,0.132,-0.084,0.001,15.4,34.4,1050.4
-42.131,147.242,50,0.167,-0.114,0.006,16.2,34.8,1049.9
-42.133,147.244,50,0.124,-0.073,-0.001,15.1,34.3,1050.6
-42.135,147.246,50,0.183,-0.127,0.008,16.5,34.9,1049.7
-42.137,147.248,50,0.115,-0.065,-0.003,14.9,34.2,1050.8
-42.139,147.250,50,0.198,-0.139,0.010,16.7,35.0,1049.5
-42.141,147.252,50,0.107,-0.056,-0.005,14.6,34.1,1051.0
-42.143,147.254,50,0.214,-0.153,0.012,17.0,35.2,1049.3
-42.145,147.256,50,0.098,-0.047,-0.007,14.4,34.0,1051.2
-42.147,147.258,50,0.231,-0.167,0.014,17.2,35.3,1049.1
-42.149,147.260,50,0.089,-0.038,-0.009,14.1,33.8,1051.4
-42.151,147.262,50,0.247,-0.181,0.017,17.5,35.5,1048.9
-42.123,147.234,100,0.087,-0.059,-0.004,13.2,34.8,1100.8
-42.125,147.236,100,0.084,-0.056,-0.005,13.0,34.7,1100.9
-42.127,147.238,100,0.091,-0.063,-0.003,13.4,34.9,1100.7
-42.129,147.240,100,0.081,-0.053,-0.006,12.8,34.6,1101.0
-42.131,147.242,100,0.098,-0.068,-0.001,13.6,35.0,1100.5
-42.133,147.244,100,0.078,-0.050,-0.007,12.5,34.5,1101.2
-42.135,147.246,100,0.106,-0.074,0.001,13.9,35.1,1100.3
-42.137,147.248,100,0.074,-0.047,-0.009,12.3,34.4,1101.4
-42.139,147.250,100,0.113,-0.079,0.003,14.1,35.2,1100.1
-42.141,147.252,100,0.071,-0.043,-0.011,12.0,34.3,1101.6
-42.143,147.254,100,0.121,-0.085,0.005,14.4,35.4,1099.9
-42.145,147.256,100,0.067,-0.040,-0.013,11.8,34.2,1101.8
-42.147,147.258,100,0.128,-0.091,0.007,14.6,35.5,1099.7
-42.149,147.260,100,0.064,-0.036,-0.015,11.5,34.0,1102.0
-42.151,147.262,100,0.136,-0.097,0.009,14.9,35.7,1099.5
-42.123,147.234,200,0.043,-0.031,-0.018,9.8,34.9,1201.5
-42.125,147.236,200,0.041,-0.029,-0.019,9.6,34.8,1201.6
-42.127,147.238,200,0.045,-0.033,-0.017,10.0,35.0,1201.4
-42.129,147.240,200,0.039,-0.027,-0.020,9.4,34.7,1201.7
-42.131,147.242,200,0.049,-0.036,-0.015,10.2,35.1,1201.2
-42.133,147.244,200,0.037,-0.025,-0.021,9.1,34.6,1201.9
-42.135,147.246,200,0.052,-0.039,-0.013,10.5,35.2,1201.0
-42.137,147.248,200,0.034,-0.022,-0.023,8.9,34.5,1202.1
-42.139,147.250,200,0.056,-0.042,-0.011,10.7,35.3,1200.8
-42.141,147.252,200,0.032,-0.020,-0.024,8.6,34.4,1202.3
-42.143,147.254,200,0.059,-0.045,-0.009,11.0,35.5,1200.6
-42.145,147.256,200,0.029,-0.017,-0.026,8.4,34.3,1202.5
-42.147,147.258,200,0.063,-0.048,-0.007,11.2,35.6,1200.4
-42.149,147.260,200,0.027,-0.015,-0.027,8.1,34.1,1202.7
-42.151,147.262,200,0.066,-0.051,-0.005,11.5,35.8,1200.2
-42.163,147.264,5,0.178,-0.134,0.002,17.0,33.5,1006.6
-42.165,147.266,5,0.201,-0.145,0.005,17.5,33.9,1006.1
-42.167,147.268,5,0.156,-0.119,-0.001,16.6,33.2,1006.8
-42.169,147.270,5,0.223,-0.167,0.008,18.1,34.2,1005.7
-42.171,147.272,5,0.134,-0.098,-0.004,16.2,32.9,1007.1
-42.173,147.274,5,0.245,-0.189,0.011,18.6,34.5,1005.4
-42.175,147.276,5,0.112,-0.081,-0.006,15.7,32.6,1007.4
-42.177,147.278,5,0.267,-0.211,0.014,19.2,34.8,1005.0
-42.179,147.280,5,0.089,-0.067,-0.009,15.3,32.3,1007.7
-42.181,147.282,5,0.289,-0.233,0.017,19.7,35.1,1004.7
-42.183,147.284,5,0.067,-0.052,-0.012,14.8,31.9,1008.1
-42.185,147.286,5,0.312,-0.256,0.020,20.3,35.4,1004.3
-42.187,147.288,5,0.045,-0.037,-0.015,14.4,31.6,1008.4
-42.189,147.290,5,0.334,-0.278,0.023,20.8,35.7,1003.9
-42.191,147.292,5,0.023,-0.021,-0.018,13.9,31.2,1008.8